included;whole
all amazing;absolutely nothing
all excellent;coming home
all fantastic;going home
all fine;good
all good;good location
all great;having to leave
all is amazing;leaving
all is excellent;n a
all is fantastic;na
all is fine;nada
all is good;nil
all is great;nithing
all is ok;no
all is perfect;no thing
all is very good;no things
all is wonderful;non
all ok;none
all perfect;nope
all very good;norhing
all was amazing;not a thing
all was excellent;not applicable
all was fantastic;not much
all was fine;not one thing
all was good;nothin
all was great;nothing
all was ok;nothing at all
all was perfect;nothing bad
all was very good;nothing in particular
all was wonderful;nothing loved it
all wonderful;nothing major
everything amazing;nothing much
everything excellent;nothing negative
everything fantastic;nothing particular
everything fine;nothing really
everything good;nothing so far
everything great;nothing specific
everything is amazing;nothing to add
everything is excellent;nothing to comment
everything is fantastic;nothing to complain
everything is fine;nothing to dislike
everything is good;nothing to fault
everything is great;nothing to mention
everything is ok;nothing to note
everything is perfect;nothing to report
everything is very good;nothing to say
everything is wonderful;nothing was bad
everything ok;nothing worth mentioning
everything perfect;nothings
everything very good;nothinh
everything was amazing;noting
everything was excellent;notting
everything was fantastic;ok
everything was fine;perfect
everything was good;really nothing
everything was great;there is nothing
everything was ok;there was nothing
everything was perfect;zero
everything was very good;
everything was wonderful;
everything wonderful;
faultless;
happy with everything;
honestly nothing;
i like everything;
i liked everything;
i love everything;
i loved everything;
it is perfect;
it perfect;
it was perfect;
like everything;
like it all;
liked everything;
liked it all;
love everything;
love it all;
loved everything;
loved it all;
no bad experience;
no bad experiences;
no complains;
no complaints;
no dislikes;
no faults;
no issues;
no negative;
no negatives;
no problems;
was all good;
we like everything;
we liked everything;
we love everything;
we loved everything;
